Strategy,Score = -CVaR50%(G),CVaR50% Gain,Mean P&L,Std P&L,RMSE,Avg Cost,Avg Turnover
Simple NN,0.512634,-0.512634,-0.005925,0.701973,0.701994,0.0,2.464179
Analytical Heston delta,0.543548,-0.543548,-0.005731,0.668111,0.668133,0.0,2.549641
Recurrent NN,0.552234,-0.552234,-0.006023,0.724665,0.724687,0.0,2.216532
